{"cameraMode":{"drawMode":0,"name":"Shaded","section":"Shading Mode"},"sceneLighting":false,"audioPlay":false,"sceneViewState":{"showFog":true,"showMaterialUpdate":false,"showSkybox":false,"showFlares":true,"showImageEffects":true,"showParticleSystems":true},"in2DMode":false,"pivot":{"x":-33.47328186035156,"y":3.83563232421875,"z":0.567047119140625},"rotation":{"x":-0.22697405517101289,"y":-0.08256936073303223,"z":0.019322402775287629,"w":-0.970211923122406},"size":110.83394622802735,"orthographic":false}